Constituency,Const_No,Winner,Winner_Party,Runner_Up,Runner_Party,Margin,Status,Const_No_num
AJMER,13,BHAGIRATH CHOUDHARY,Bharatiya Janata Party,RAMCHANDRA CHOUDHARY,Indian National Congress,329991.0,Result Declared,13
ALWAR,8,BHUPENDER YADAV,Bharatiya Janata Party,LALIT YADAV,Indian National Congress,48282.0,Result Declared,8
AMBALA,1,VARUN CHAUDHRY,Indian National Congress,BANTO KATARIA,Bharatiya Janata Party,49036.0,Result Declared,1
ANANTNAG-RAJOURI,3,MIAN ALTAF AHMAD,Jammu & Kashmir National Conference,MEHBOOBA MUFTI,Jammu & Kashmir Peoples Democratic Party,281794.0,Result Declared,3
ARAKKONAM,7,S JAGATHRATCHAKAN,Dravida Munnetra Kazhagam,L VIJAYAN,All India Anna Dravida Munnetra Kazhagam,306559.0,Result Declared,7
ARANI,12,THARANIVENTHAN M S,Dravida Munnetra Kazhagam,"GAJENDRAN, G.V.",All India Anna Dravida Munnetra Kazhagam,208766.0,Result Declared,12
Adilabad,1,GODAM NAGESH,Bharatiya Janata Party,ATHRAM SUGUNA,Indian National Congress,90652.0,Result Declared,1
Agra,18,PROF S P SINGH BAGHEL,Bharatiya Janata Party,SURESH CHAND KARDAM,Samajwadi Party,271294.0,Result Declared,18
Ahmedabad East,7,HASMUKHBHAI PATEL (H.S.PATEL),Bharatiya Janata Party,HIMMATSINH PRAHLADSINH PATEL,Indian National Congress,461755.0,Result Declared,7
Ahmedabad West,8,DINESHBHAI MAKWANA (ADVOCATE),Bharatiya Janata Party,BHARAT YOGENDRA MAKWANA,Indian National Congress,286437.0,Result Declared,8
Ahmednagar,37,NILESH DNYANDEV LANKE,Nationalist Congress Party – Sharadchandra Pawar,DR. SUJAY RADHAKRISHNA VIKHEPATIL,Bharatiya Janata Party,28929.0,Result Declared,37
Akbarpur,44,DEVENDRA SINGH ALIAS BHOLE SINGH,Bharatiya Janata Party,RAJARAM PAL,Samajwadi Party,44345.0,Result Declared,44
Akola,6,ANUP SANJAY DHOTRE,Bharatiya Janata Party,ABHAY KASHINATH PATIL,Indian National Congress,40626.0,Result Declared,6
Alappuzha,15,K. C VENUGOPAL,Indian National Congress,A. M ARIFF,Communist Party of India (Marxist),63513.0,Result Declared,15
Alathur,9,K.RADHAKRISHNAN,Communist Party of India (Marxist),RAMYA HARIDAS,Indian National Congress,20111.0,Result Declared,9
Aligarh,15,SATISH KUMAR GAUTAM,Bharatiya Janata Party,BIJENDRA SINGH,Samajwadi Party,15647.0,Result Declared,15
Alipurduars,2,MANOJ TIGGA,Bharatiya Janata Party,PRAKASH CHIK BARAIK,All India Trinamool Congress,75447.0,Result Declared,2
Allahabad,52,UJJWAL RAMAN SINGH,Indian National Congress,NEERAJ TRIPATHI,Bharatiya Janata Party,58795.0,Result Declared,52
Almora,3,AJAY TAMTA,Bharatiya Janata Party,PRADEEP TAMTA,Indian National Congress,234097.0,Result Declared,3
Amalapuram (SC),7,G M HARISH (BALAYOGI),Telugu Desam,RAPAKA VARAPRASADA RAO,Yuvajana Sramika Rythu Congress Party,342196.0,Result Declared,7
Ambedkar Nagar,55,LALJI VERMA,Samajwadi Party,RITESH PANDEY,Bharatiya Janata Party,137247.0,Result Declared,55
Amethi,37,KISHORI LAL,Indian National Congress,SMRITI IRANI,Bharatiya Janata Party,167196.0,Result Declared,37
Amravati,7,BALWANT BASWANT WANKHADE,Indian National Congress,NAVNEET RAVI RANA,Bharatiya Janata Party,19731.0,Result Declared,7
Amreli,14,BHARATBHAI MANUBHAI SUTARIYA,Bharatiya Janata Party,JENNY THUMMAR,Indian National Congress,321068.0,Result Declared,14
Amritsar,2,GURJEET SINGH AUJLA,Indian National Congress,KULDEEP SINGH DHALIWAL,Aam Aadmi Party,40301.0,Result Declared,2
Amroha,9,KANWAR SINGH TANWAR,Bharatiya Janata Party,KUNWAR DANISH ALI,Indian National Congress,28670.0,Result Declared,9
Anakapalle,5,C.M.RAMESH,Bharatiya Janata Party,BUDI MUTYALA NAIDU,Yuvajana Sramika Rythu Congress Party,296530.0,Result Declared,5
Anand,16,MITESH PATEL (BAKABHAI),Bharatiya Janata Party,AMIT CHAVDA,Indian National Congress,89939.0,Result Declared,16
Anandpur Sahib,6,MALVINDER SINGH KANG,Aam Aadmi Party,VIJAY INDER SINGLA,Indian National Congress,10846.0,Result Declared,6
Ananthapur,19,AMBICA G LAKSHMINARAYANA VALMIKI,Telugu Desam,MALAGUNDLA SANKAR NARAYANA,Yuvajana Sramika Rythu Congress Party,188555.0,Result Declared,19
Andaman & Nicobar Islands,1,BISHNU PADA RAY,Bharatiya Janata Party,KULDEEP RAI SHARMA,Indian National Congress,24396.0,Result Declared,1
Aonla,24,NEERAJ MAURYA,Samajwadi Party,DHARMENDRA KASHYAP,Bharatiya Janata Party,15969.0,Result Declared,24
Araku (ST),1,GUMMA THANUJA RANI,Yuvajana Sramika Rythu Congress Party,KOTHAPALLI GEETHA,Bharatiya Janata Party,50580.0,Result Declared,1
Arambagh,29,BAG MITALI,All India Trinamool Congress,ARUP KANTI DIGAR,Bharatiya Janata Party,6399.0,Result Declared,29
Araria,9,PRADEEP KUMAR SINGH,Bharatiya Janata Party,SHAHNAWAZ,Rashtriya Janata Dal,20094.0,Result Declared,9
Arrah,32,SUDAMA PRASAD,Communist Party of India (Marxist-Leninist) (Liberation),R. K. SINGH,Bharatiya Janata Party,59808.0,Result Declared,32
Arunachal East,2,TAPIR GAO,Bharatiya Janata Party,BOSIRAM SIRAM,Indian National Congress,30421.0,Result Declared,2
Arunachal West,1,KIREN RIJIJU,Bharatiya Janata Party,NABAM TUKI,Indian National Congress,100738.0,Result Declared,1
Asansol,40,SHATRUGHAN PRASAD SINHA,All India Trinamool Congress,SURENDRAJEET SINGH AHLUWALIA,Bharatiya Janata Party,59564.0,Result Declared,40
Aska,19,ANITA SUBHADARSHINI,Bharatiya Janata Party,RANJITA SAHU,Biju Janata Dal,99974.0,Result Declared,19
Attingal,19,ADV ADOOR PRAKASH,Indian National Congress,V JOY,Communist Party of India (Marxist),684.0,Result Declared,19
Aurangabad,19,BHUMARE SANDIPANRAO ASARAM,Shiv Sena,IMTIAZ JALEEL SYED,All India Majlis-E-Ittehadul Muslimeen,134650.0,Result Declared,19
Aurangabad,37,ABHAY KUMAR SINHA,Rashtriya Janata Dal,SUSHIL KUMAR SINGH,Bharatiya Janata Party,79111.0,Result Declared,37
Azamgarh,69,DHARMENDRA YADAV,Samajwadi Party,DINESH LAL YADAV “NIRAHUA”,Bharatiya Janata Party,161035.0,Result Declared,69
BALAGHAT,15,BHARTI PARDHI,Bharatiya Janata Party,SAMRAT ASHOK SINGH SARASWAR,Indian National Congress,174512.0,Result Declared,15
BANSWARA,20,RAJ KUMAR ROAT,Bharat Adivasi Party,MAHENDRAJEETSINGH MALVIYA,Bharatiya Janata Party,247054.0,Result Declared,20
BARAMULLA,1,ABDUL RASHID SHEIKH,Independent,OMAR ABDULLAH,Jammu & Kashmir National Conference,204142.0,Result Declared,1
BARMER,17,UMMEDA RAM BENIWAL,Indian National Congress,RAVINDRA SINGH BHATI,Independent,118176.0,Result Declared,17
BASTAR,10,MAHESH KASHYAP,Bharatiya Janata Party,KAWASI LAKHMA,Indian National Congress,55245.0,Result Declared,10
BETUL,29,DURGADAS (D. D.) UIKEY,Bharatiya Janata Party,RAMU TEKAM,Indian National Congress,379761.0,Result Declared,29
BHARATPUR,9,SANJNA JATAV,Indian National Congress,RAMSWAROOP KOLI,Bharatiya Janata Party,51983.0,Result Declared,9
BHILWARA,23,DAMODAR AGARWAL,Bharatiya Janata Party,C P JOSHI,Indian National Congress,354606.0,Result Declared,23
BHIND,2,SANDHYA RAY,Bharatiya Janata Party,PHOOL SINGH BARAIYA,Indian National Congress,64840.0,Result Declared,2
BHIWANI-MAHENDRAGARH,8,DHARAMBIR SINGH,Bharatiya Janata Party,RAO DAN SINGH,Indian National Congress,41510.0,Result Declared,8
BHOPAL,19,ALOK SHARMA,Bharatiya Janata Party,ADVOCATE ARUN SHRIVASTAVA,Indian National Congress,501499.0,Result Declared,19
BIKANER,2,ARJUN RAM MEGHWAL,Bharatiya Janata Party,GOVINDRAM MEGHWAL,Indian National Congress,55711.0,Result Declared,2
BILASPUR,5,TOKHAN SAHU,Bharatiya Janata Party,DEVENDRA YADAV,Indian National Congress,164558.0,Result Declared,5
Badaun,23,ADITYA YADAV,Samajwadi Party,DURVIJAY SINGH SHAKYA,Bharatiya Janata Party,34991.0,Result Declared,23
Bagalkot,3,GADDIGOUDAR. PARVATAGOUDA. CHANDANAGOUDA.,Bharatiya Janata Party,SAMYUKTA SHIVANAND PATIL,Indian National Congress,68399.0,Result Declared,3
Baghpat,11,DR RAJKUMAR SANGWAN,Rashtriya Lok Dal,AMARPAL,Samajwadi Party,159459.0,Result Declared,11
Baharaich,56,ANAND KUMAR,Bharatiya Janata Party,RAMESH CHANDRA,Samajwadi Party,64227.0,Result Declared,56
Baharampur,10,PATHAN YUSUF,All India Trinamool Congress,ADHIR RANJAN CHOWDHURY,Indian National Congress,85022.0,Result Declared,10
Balasore,6,PRATAP CHANDRA SARANGI,Bharatiya Janata Party,LEKHASRI SAMANTSINGHAR,Biju Janata Dal,147156.0,Result Declared,6
Ballia,72,SANATAN PANDEY,Samajwadi Party,NEERAJ SHEKHAR,Bharatiya Janata Party,43384.0,Result Declared,72
Balurghat,6,SUKANTA MAJUMDAR,Bharatiya Janata Party,BIPLAB MITRA,All India Trinamool Congress,10386.0,Result Declared,6
Banaskantha,2,GENIBEN NAGAJI THAKOR,Indian National Congress,DR. REKHABEN HITESHBHAI CHAUDHARI,Bharatiya Janata Party,30406.0,Result Declared,2
Banda,48,KRISHNA DEVI SHIVSHANKER PATEL,Samajwadi Party,R. K. SINGH PATEL,Bharatiya Janata Party,71210.0,Result Declared,48
Bangalore North,24,SHOBHA KARANDLAJE,Bharatiya Janata Party,PROFESSOR M.V RAJEEV GOWDA,Indian National Congress,259476.0,Result Declared,24
Bangalore Rural,23,DR C N MANJUNATH,Bharatiya Janata Party,D K SURESH,Indian National Congress,269647.0,Result Declared,23
Bangalore South,26,TEJASVI SURYA,Bharatiya Janata Party,SOWMYA REDDY,Indian National Congress,277083.0,Result Declared,26
Bangalore central,25,P C MOHAN,Bharatiya Janata Party,MANSOOR ALI KHAN,Indian National Congress,32707.0,Result Declared,25
Bangaon,14,SHANTANU THAKUR,Bharatiya Janata Party,BISWAJIT DAS S/O LATE BIJAY KRISHNA DAS,All India Trinamool Congress,73693.0,Result Declared,14
Banka,27,GIRIDHARI YADAV,Janata Dal (United),JAI PRAKASH NARAYAN YADAV,Rashtriya Janata Dal,103844.0,Result Declared,27
Bankura,36,ARUP CHAKRABORTY,All India Trinamool Congress,DR. SUBHAS SARKAR,Bharatiya Janata Party,32778.0,Result Declared,36
Bansgaon,67,KAMLESH PASWAN,Bharatiya Janata Party,SADAL PRASAD,Indian National Congress,3150.0,Result Declared,67
Bapatla (SC),15,KRISHNA PRASAD TENNETI,Telugu Desam,NANDIGAM SURESH BABU,Yuvajana Sramika Rythu Congress Party,208031.0,Result Declared,15
Barabanki,53,TANUJ PUNIA,Indian National Congress,RAJRANI RAWAT,Bharatiya Janata Party,215704.0,Result Declared,53
Baramati,35,SUPRIYA SULE,Nationalist Congress Party – Sharadchandra Pawar,SUNETRA AJITDADA PAWAR,Nationalist Congress Party,158333.0,Result Declared,35
Barasat,17,KAKOLI GHOSH DASTIDAR,All India Trinamool Congress,SWAPAN MAJUMDER,Bharatiya Janata Party,114189.0,Result Declared,17
Bardhaman Purba,38,DR. SHARMILA SARKAR,All India Trinamool Congress,ASIM KUMAR SARKAR,Bharatiya Janata Party,160572.0,Result Declared,38
Bardhaman-Durgapur,39,AZAD KIRTI JHA,All India Trinamool Congress,DILIP GHOSH,Bharatiya Janata Party,137981.0,Result Declared,39
Bardoli,23,PARBHUBHAI NAGARBHAI VASAVA,Bharatiya Janata Party,CHAUDHARY SIDDHARTH AMARSINH,Indian National Congress,230253.0,Result Declared,23
Bareilly,25,CHHATRA PAL SINGH GANGWAR,Bharatiya Janata Party,PRAVEEN SINGH ARON,Samajwadi Party,34804.0,Result Declared,25
Bargarh,1,PRADEEP PUROHIT,Bharatiya Janata Party,PARINITA MISHRA,Biju Janata Dal,251667.0,Result Declared,1
Barpeta,3,PHANI BHUSAN CHOUDHURY,Asom Gana Parishad,DEEP BAYAN,Indian National Congress,222351.0,Result Declared,3
Barrackpur,15,PARTHA BHOWMICK,All India Trinamool Congress,ARJUN SINGH,Bharatiya Janata Party,64438.0,Result Declared,15
Basirhat,18,SK NURUL ISLAM,All India Trinamool Congress,REKHA PATRA,Bharatiya Janata Party,333547.0,Result Declared,18
Basti,61,RAM PRASAD CHAUDHARY,Samajwadi Party,HARISH CHANDRA ALIAS HARISH DWIVEDI,Bharatiya Janata Party,100994.0,Result Declared,61
Bathinda,11,HARSIMRAT KAUR BADAL,Shiromani Akali Dal,GURMEET SINGH KHUDIAN,Aam Aadmi Party,49656.0,Result Declared,11
Beed,39,BAJRANG MANOHAR SONWANE,Nationalist Congress Party – Sharadchandra Pawar,PANKAJA GOPINATHRAO MUNDE,Bharatiya Janata Party,6553.0,Result Declared,39
Begusarai,24,GIRIRAJ SINGH,Bharatiya Janata Party,ABDHESH KUMAR ROY,Communist Party of India,81480.0,Result Declared,24
Belgaum,2,JAGADISH SHETTAR,Bharatiya Janata Party,MRINAL R HEBBALKAR,Indian National Congress,178437.0,Result Declared,2
Bellary,9,E. TUKARAM,Indian National Congress,B. SREERAMULU,Bharatiya Janata Party,98992.0,Result Declared,9
Berhampur,20,DR. PRADEEP KUMAR PANIGRAHY,Bharatiya Janata Party,BHRUGU BAXIPATRA,Biju Janata Dal,165476.0,Result Declared,20
Bhadohi,78,DR. VINOD KUMAR BIND,Bharatiya Janata Party,LALITESHPATI TRIPATHI,All India Trinamool Congress,44072.0,Result Declared,78
Bhadrak,7,AVIMANYU SETHI,Bharatiya Janata Party,MANJULATA MANDAL,Biju Janata Dal,91544.0,Result Declared,7
Bhagalpur,26,AJAY KUMAR MANDAL,Janata Dal (United),AJEET SHARMA,Indian National Congress,104868.0,Result Declared,26
Bhandara Gondiya,11,DR. PRASHANT YADAORAO PADOLE,Indian National Congress,SUNIL BABURAO MENDHE,Bharatiya Janata Party,37380.0,Result Declared,11
Bharuch,22,MANSUKHBHAI DHANJIBHAI VASAVA,Bharatiya Janata Party,CHAITARBHAI DAMJIBHAI VASAVA,Aam Aadmi Party,85696.0,Result Declared,22
Bhavnagar,15,NIMUBEN JAYANTIBHAI BAMBHANIYA (NIMUBEN BAMBHANIYA),Bharatiya Janata Party,UMESHBHAI NARANBHAI MAKWANA,Aam Aadmi Party,455289.0,Result Declared,15
Bhiwandi,23,BALYA MAMA - SURESH GOPINATH MHATRE,Nationalist Congress Party – Sharadchandra Pawar,KAPIL MORESHWAR PATIL,Bharatiya Janata Party,66121.0,Result Declared,23
Bhongir,14,CHAMALA KIRAN KUMAR REDDY,Indian National Congress,DR. BOORA NARSAIAH GOUD,Bharatiya Janata Party,222170.0,Result Declared,14
Bhubaneswar,18,APARAJITA SARANGI,Bharatiya Janata Party,MANMATH KUMAR ROUTRAY,Biju Janata Dal,35152.0,Result Declared,18
Bidar,7,SAGAR ESHWAR KHANDRE,Indian National Congress,BHAGWANTH KHUBA,Bharatiya Janata Party,128875.0,Result Declared,7
Bijapur,4,RAMESH JIGAJINAGI,Bharatiya Janata Party,RAJU ALAGUR.,Indian National Congress,77229.0,Result Declared,4
Bijnor,4,CHANDAN CHAUHAN,Rashtriya Lok Dal,DEEPAK,Samajwadi Party,37508.0,Result Declared,4
Birbhum,42,SATABDI ROY,All India Trinamool Congress,DEBTANU BHATTACHARYA,Bharatiya Janata Party,197650.0,Result Declared,42
Bishnupur,37,KHAN SAUMITRA,Bharatiya Janata Party,SUJATA MONDAL,All India Trinamool Congress,5567.0,Result Declared,37
Bolangir,10,SANGEETA KUMARI SINGH DEO,Bharatiya Janata Party,SURENDRA SINGH BHOI,Biju Janata Dal,132664.0,Result Declared,10
Bolpur,41,ASIT KUMAR MAL,All India Trinamool Congress,PIYA SAHA,Bharatiya Janata Party,327253.0,Result Declared,41
Bulandshahr,14,DR BHOLA SINGH,Bharatiya Janata Party,SHIVRAM,Indian National Congress,275134.0,Result Declared,14
Buldhana,5,JADHAV PRATAPRAO GANPATRAO,Shiv Sena,NARENDRA DAGDU KHEDEKAR,Shiv Sena (Uddhav Balasaheb Thackrey),29479.0,Result Declared,5
Buxar,33,SUDHAKAR SINGH,Rashtriya Janata Dal,MITHILESH TIWARI,Bharatiya Janata Party,30091.0,Result Declared,33
CHENNAI CENTRAL,4,DAYANIDHI MARAN,Dravida Munnetra Kazhagam,VINOJ,Bharatiya Janata Party,244689.0,Result Declared,4
CHENNAI NORTH,2,DR.KALANIDHI VEERASWAMY,Dravida Munnetra Kazhagam,R. MANOHAR,All India Anna Dravida Munnetra Kazhagam,339222.0,Result Declared,2
CHENNAI SOUTH,3,T.SUMATHY (ALIAS) THAMIZHACHI THANGAPANDIAN,Dravida Munnetra Kazhagam,DR.TAMILISAI SOUNDARARAJAN,Bharatiya Janata Party,225945.0,Result Declared,3
CHHINDWARA,16,BUNTY VIVEK SAHU,Bharatiya Janata Party,NAKUL KAMALNATH,Indian National Congress,113618.0,Result Declared,16
CHIDAMBARAM,27,THIRUMAAVALAVAN THOL,Viduthalai Chiruthaigal Katch,CHANDRAHASAN M,All India Anna Dravida Munnetra Kazhagam,103554.0,Result Declared,27
CHITTORGARH,21,CHANDRA PRAKASH JOSHI,Bharatiya Janata Party,ANJANA UDAILAL,Indian National Congress,389877.0,Result Declared,21
CHURU,3,RAHUL KASWAN,Indian National Congress,DEVENDRA JHAJHARIA,Bharatiya Janata Party,72737.0,Result Declared,3
COIMBATORE,20,GANAPATHY RAJKUMAR P,Dravida Munnetra Kazhagam,ANNAMALAI K,Bharatiya Janata Party,118068.0,Result Declared,20
CUDDALORE,26,M.K. VISHNUPRASAD,Indian National Congress,P. SIVAKOZHUNDU,Desiya Murpokku Dravida Kazhagam,185896.0,Result Declared,26
Chalakudy,11,BENNY BEHANAN,Indian National Congress,PROF C RAVEENDRANATH,Communist Party of India (Marxist),63754.0,Result Declared,11
Chamarajanagar,22,SUNIL BOSE,Indian National Congress,BALARAJ.S,Bharatiya Janata Party,188706.0,Result Declared,22
Chandauli,76,BIRENDRA SINGH,Samajwadi Party,DR. MAHENDRA NATH PANDEY,Bharatiya Janata Party,21565.0,Result Declared,76
Chandigarh,1,MANISH TEWARI,Indian National Congress,SANJAY TANDON,Bharatiya Janata Party,2504.0,Result Declared,1
Chandni Chowk,1,PRAVEEN KHANDELWAL,Bharatiya Janata Party,JAI PRAKASH AGARWAL,Indian National Congress,89325.0,Result Declared,1
Chandrapur,13,DHANORKAR PRATIBHA SURESH ALIAS BALUBHAU,Indian National Congress,MUNGANTIWAR SUDHIR SACCHIDANAND,Bharatiya Janata Party,260406.0,Result Declared,13
Chatra,4,KALI CHARAN SINGH,Bharatiya Janata Party,KRISHNA NAND TRIPATHI,Indian National Congress,220959.0,Result Declared,4
Chevella,10,KONDA VISHWESHWAR REDDY,Bharatiya Janata Party,DR GADDAM RANJITH REDDY,Indian National Congress,172897.0,Result Declared,10
Chhota Udaipur,21,JASHUBHAI BHILUBHAI RATHVA,Bharatiya Janata Party,SUKHRAMBHAI HARIYABHAI RATHWA,Indian National Congress,398777.0,Result Declared,21
Chikkballapur,27,DR.K.SUDHAKAR,Bharatiya Janata Party,M.S. RAKSHA RAMAIAH,Indian National Congress,163460.0,Result Declared,27
Chikkodi,1,PRIYANKA SATISH JARKIHOLI,Indian National Congress,ANNASAHEB SHANKAR JOLLE,Bharatiya Janata Party,90834.0,Result Declared,1
Chitradurga,18,GOVIND MAKTHAPPA KARJOL,Bharatiya Janata Party,B.N.CHANDRAPPA,Indian National Congress,48121.0,Result Declared,18
Chittoor(SC),25,DAGGUMALLA PRASADA RAO,Telugu Desam,REDDEPPA.N .,Yuvajana Sramika Rythu Congress Party,220479.0,Result Declared,25
Coochbehar,1,JAGADISH CHANDRA BARMA BASUNIA,All India Trinamool Congress,NISITH PRAMANIK,Bharatiya Janata Party,39250.0,Result Declared,1
Cuttack,14,BHARTRUHARI MAHTAB,Bharatiya Janata Party,SANTRUPT MISRA,Biju Janata Dal,57077.0,Result Declared,14
DAMOH,7,RAHUL SINGH LODHI,Bharatiya Janata Party,TARBAR SINGH LODHI (BANTU BHAIYA),Indian National Congress,406426.0,Result Declared,7
DAUSA,11,MURARI LAL MEENA,Indian National Congress,KANHAIYA LAL MEENA,Bharatiya Janata Party,237340.0,Result Declared,11
DEWAS,21,MAHENDRA SINGH SOLANKY,Bharatiya Janata Party,RAJENDRA RADHAKISHAN MALVIYA,Indian National Congress,425225.0,Result Declared,21
DHAR,25,SAVITRI THAKUR,Bharatiya Janata Party,RADHESHYAM MUVEL,Indian National Congress,218665.0,Result Declared,25
DHARMAPURI,10,MANI. A.,Dravida Munnetra Kazhagam,SOWMIYA ANBUMANI,Pattali Makkal Katch,21300.0,Result Declared,10
DINDIGUL,22,SACHITHANANTHAM R,Communist Party of India (Marxist),MOHAMED MUBARAK M A,All India Anna Dravida Munnetra Kazhagam,443821.0,Result Declared,22
DURG,7,VIJAY BAGHEL,Bharatiya Janata Party,RAJENDRA SAHU,Indian National Congress,438226.0,Result Declared,7
Dadar & Nagar Haveli,2,DELKAR KALABEN MOHANBHAI,Bharatiya Janata Party,AJIT RAMJIBHAI MAHALA,Indian National Congress,57584.0,Result Declared,2
Dahod,19,JASWANTSINH SUMANBHAI BHABHOR,Bharatiya Janata Party,DR. PRABHABEN KISHORSINH TAVIYAD,Indian National Congress,333677.0,Result Declared,19
Dakshina Kannada,17,CAPTAIN BRIJESH CHOWTA,Bharatiya Janata Party,PADMARAJ.R.POOJARY,Indian National Congress,149208.0,Result Declared,17
Daman & Diu,1,PATEL UMESHBHAI BABUBHAI,Independent,LALUBHAI BABUBHAI PATEL,Bharatiya Janata Party,6225.0,Result Declared,1
Darbhanga,14,GOPAL JEE THAKUR,Bharatiya Janata Party,LALIT KUMAR YADAV,Rashtriya Janata Dal,178156.0,Result Declared,14
Darjeeling,4,RAJU BISTA,Bharatiya Janata Party,GOPAL LAMA,All India Trinamool Congress,178525.0,Result Declared,4
Darrang-Udalguri,4,DILIP SAIKIA,Bharatiya Janata Party,MADHAB RAJBANGSHI,Indian National Congress,329012.0,Result Declared,4
Davanagere,13,DR. PRABHA MALLIKARJUN,Indian National Congress,GAYITHRI SIDDESHWARA,Bharatiya Janata Party,26094.0,Result Declared,13
Deoria,66,SHASHANK MANI,Bharatiya Janata Party,AKHILESH PRATAP SINGH,Indian National Congress,34842.0,Result Declared,66
Dhanbad,7,DULU MAHATO,Bharatiya Janata Party,ANUPAMA SINGH,Indian National Congress,331583.0,Result Declared,7
Dharwad,11,PRALHAD JOSHI,Bharatiya Janata Party,VINOD ASOOTI,Indian National Congress,97324.0,Result Declared,11
Dhaurahra,29,ANAND BHADAURIYA,Samajwadi Party,REKHA VERMA,Bharatiya Janata Party,4449.0,Result Declared,29
Dhenkanal,9,RUDRA NARAYAN PANY,Bharatiya Janata Party,ABINASH SAMAL,Biju Janata Dal,76567.0,Result Declared,9
Dhubri,2,RAKIBUL HUSSAIN,Indian National Congress,MOHAMMED BADRUDDIN AJMAL,All India United Democratic Front,1012476.0,Result Declared,2
Dhule,2,BACHHAV SHOBHA DINESH,Indian National Congress,BHAMRE SUBHASH RAMRAO,Bharatiya Janata Party,3831.0,Result Declared,2
Diamond harbour,21,ABHISHEK BANERJEE,All India Trinamool Congress,ABHIJIT DAS (BOBBY),Bharatiya Janata Party,710930.0,Result Declared,21
Dibrugarh,13,SARBANANDA SONOWAL,Bharatiya Janata Party,LURINJYOTI GOGOI,Assam Jatiya Parishad,279321.0,Result Declared,13
Dindori,20,BHASKAR MURLIDHAR BHAGARE,Nationalist Congress Party – Sharadchandra Pawar,DR. BHARATI PRAVIN PAWAR,Bharatiya Janata Party,113199.0,Result Declared,20
Diphu,6,AMARSING TISSO,Bharatiya Janata Party,J. I. KATHAR,Independent,147603.0,Result Declared,6
Domariyaganj,60,JAGDAMBIKA PAL,Bharatiya Janata Party,BHISHMA SHANKAR ALIAS KUSHAL TIWARI,Samajwadi Party,42728.0,Result Declared,60
Dum dum,16,SOUGATA RAY,All India Trinamool Congress,SILBHADRA DATTA,Bharatiya Janata Party,70660.0,Result Declared,16
Dumka,2,NALIN SOREN,Jharkhand Mukti Morcha,SITA MURMU,Bharatiya Janata Party,22527.0,Result Declared,2
ERODE,17,K E PRAKASH,Dravida Munnetra Kazhagam,ASHOK KUMAR,All India Anna Dravida Munnetra Kazhagam,236566.0,Result Declared,17
East Delhi,3,HARSH MALHOTRA,Bharatiya Janata Party,KULDEEP KUMAR (MONU),Aam Aadmi Party,93663.0,Result Declared,3
Eluru,10,PUTTA MAHESH KUMAR,Telugu Desam,KARUMURI SUNIL KUMAR,Yuvajana Sramika Rythu Congress Party,181857.0,Result Declared,10
Ernakulam,12,HIBI EDEN,Indian National Congress,K. J. SHINE TEACHER,Communist Party of India (Marxist),250385.0,Result Declared,12
Etah,22,DEVESH SHAKYA,Samajwadi Party,RAJVEER SINGH (RAJU BHAIYA),Bharatiya Janata Party,28052.0,Result Declared,22
Etawah,41,JITENDRA KUMAR DOHARE,Samajwadi Party,DR RAM SHANKAR KATHERIA,Bharatiya Janata Party,58419.0,Result Declared,41
FARIDABAD,10,KRISHAN PAL,Bharatiya Janata Party,MAHENDER PRATAP SINGH,Indian National Congress,172914.0,Result Declared,10
Faizabad,54,AWADHESH PRASAD,Samajwadi Party,LALLU SINGH,Bharatiya Janata Party,54567.0,Result Declared,54
Faridkot,9,SARABJEET SINGH KHALSA,Independent,KARAMJIT SINGH ANMOL,Aam Aadmi Party,70053.0,Result Declared,9
Farrukhabad,40,MUKESH RAJPUT,Bharatiya Janata Party,DR. NAVAL KISHOR SHAKYA,Samajwadi Party,2678.0,Result Declared,40
Fatehgarh Sahib,8,AMAR SINGH,Indian National Congress,GURPREET SINGH GP,Aam Aadmi Party,34202.0,Result Declared,8
Fatehpur,49,NARESH CHANDRA UTTAM PATEL,Samajwadi Party,NIRANJAN JYOTI,Bharatiya Janata Party,33199.0,Result Declared,49
Fatehpur Sikri,19,RAJKUMAR CHAHAR,Bharatiya Janata Party,RAMNATH SINGH SIKARWAR,Indian National Congress,43405.0,Result Declared,19
Firozabad,20,AKSHAYA YADAV,Samajwadi Party,VISHWADEEP SINGH,Bharatiya Janata Party,89312.0,Result Declared,20
Firozpur,10,SHER SINGH GHUBAYA,Indian National Congress,JAGDEEP SINGH KAKA BRAR,Aam Aadmi Party,3242.0,Result Declared,10
GANGANAGAR,1,KULDEEP INDORA,Indian National Congress,PRIYANKA BALAN MEGHWAL,Bharatiya Janata Party,88153.0,Result Declared,1
GUNA,4,JYOTIRADITYA M. SCINDIA,Bharatiya Janata Party,YADVENDRA RAO DESHRAJ SINGH,Indian National Congress,540929.0,Result Declared,4
GURGAON,9,RAO INDERJIT SINGH,Bharatiya Janata Party,RAJ BABBAR,Indian National Congress,75079.0,Result Declared,9
GWALIOR,3,BHARAT SINGH KUSHWAH,Bharatiya Janata Party,PRAVEEN PATHAK,Indian National Congress,70210.0,Result Declared,3
Gadchiroli - Chimur,12,DR. KIRSAN NAMDEO,Indian National Congress,ASHOK MAHADEORAO NETE,Bharatiya Janata Party,141696.0,Result Declared,12
Gandhinagar,6,AMIT SHAH,Bharatiya Janata Party,SONAL RAMANBHAI PATEL,Indian National Congress,744716.0,Result Declared,6
Garhwal,2,ANIL BALUNI,Bharatiya Janata Party,GANESH GODIYAL,Indian National Congress,163503.0,Result Declared,2
Gautam Buddha Nagar,13,DR. MAHESH SHARMA,Bharatiya Janata Party,DR. MAHENDRA SINGH NAGAR,Samajwadi Party,559472.0,Result Declared,13
Gaya,38,JITAN RAM MANJHI,Hindustani Awam Morcha (Secular),KUMAR SARVJEET,Rashtriya Janata Dal,101812.0,Result Declared,38
Ghatal,32,ADHIKARI DEEPAK (DEV),All India Trinamool Congress,DR. HIRANMOY CHATTOPADHYAYA,Bharatiya Janata Party,182868.0,Result Declared,32
Ghaziabad,12,ATUL GARG,Bharatiya Janata Party,DOLLY SHARMA,Indian National Congress,336965.0,Result Declared,12
Ghazipur,75,AFZAL ANSARI,Samajwadi Party,PARS NATH RAI,Bharatiya Janata Party,124861.0,Result Declared,75
Ghosi,70,RAJEEV RAI,Samajwadi Party,DR. ARVIND RAJBHAR,Suheldev Bharatiya Samaj Party,162943.0,Result Declared,70
Giridih,6,CHANDRA PRAKASH CHOUDHARY,AJSU Party,MATHURA PRASAD MAHATO,Jharkhand Mukti Morcha,80880.0,Result Declared,6
Godda,3,NISHIKANT DUBEY,Bharatiya Janata Party,PRADEEP YADAV,Indian National Congress,101813.0,Result Declared,3
Gonda,59,KIRTIVARDHAN SINGH,Bharatiya Janata Party,SHREYA VERMA,Samajwadi Party,46224.0,Result Declared,59
Gopalganj,17,DR. ALOK KUMAR SUMAN,Janata Dal (United),PREM NATH CHANCHAL ALIAS CHANCHAL PASWAN,Vikassheel Insaan Party,127180.0,Result Declared,17
Gorakhpur,64,RAVINDRA SHUKLA ALIAS RAVI KISHAN,Bharatiya Janata Party,KAJAL NISHAD,Samajwadi Party,103526.0,Result Declared,64
Gulbarga,5,RADHAKRISHNA,Indian National Congress,DR. UMESH G JADHAV,Bharatiya Janata Party,27205.0,Result Declared,5
Guntur,13,DR CHANDRA SEKHAR PEMMASANI,Telugu Desam,KILARI VENKATA ROSAIAH,Yuvajana Sramika Rythu Congress Party,344695.0,Result Declared,13
Gurdaspur,1,SUKHJINDER SINGH RANDHAWA,Indian National Congress,DINESH SINGH BABBU,Bharatiya Janata Party,82861.0,Result Declared,1
Guwahati,5,BIJULI KALITA MEDHI,Bharatiya Janata Party,MIRA BORTHAKUR GOSWAMI,Indian National Congress,251090.0,Result Declared,5
HAMIRPUR,3,ANURAG SINGH THAKUR,Bharatiya Janata Party,SATPAL RAIZADA,Indian National Congress,182357.0,Result Declared,3
HISAR,4,JAI PARKASH (J P) S/O HARIKESH,Indian National Congress,RANJIT SINGH,Bharatiya Janata Party,63381.0,Result Declared,4
HOSHANGABAD,17,DARSHAN SINGH CHOUDHARY,Bharatiya Janata Party,SANJAY SHARMA SANJU BHAIYA,Indian National Congress,431696.0,Result Declared,17
Hajipur,21,CHIRAG PASWAN,Lok Janshakti Party(Ram Vilas),SHIV CHANDRA RAM,Rashtriya Janata Dal,170105.0,Result Declared,21
Hamirpur,47,AJENDRA SINGH LODHI,Samajwadi Party,KUNWAR PUSHPENDRA SINGH CHANDEL,Bharatiya Janata Party,2629.0,Result Declared,47
Hardoi,31,JAI PRAKASH,Bharatiya Janata Party,USHA VERMA,Samajwadi Party,27856.0,Result Declared,31
Haridwar,5,TRIVENDRA SINGH RAWAT,Bharatiya Janata Party,VIRENDRA RAWAT,Indian National Congress,164056.0,Result Declared,5
Hassan,16,SHREYAS. M. PATEL,Indian National Congress,PRAJWAL REVANNA,Janata Dal (Secular),42649.0,Result Declared,16
Hathras,16,ANOOP PRADHAN BALMIKI,Bharatiya Janata Party,JASVEER VALMIKI,Samajwadi Party,247318.0,Result Declared,16
Hatkanangale,48,DHAIRYASHEEL SAMBHAJIRAO MANE,Shiv Sena,SATYAJEET BABASAHEB PATIL (AABA) SARUDKAR,Shiv Sena (Uddhav Balasaheb Thackrey),13426.0,Result Declared,48
Haveri,10,BASAVARAJ BOMMAI,Bharatiya Janata Party,ANANDSWAMY GADDADEVARMATH,Indian National Congress,43513.0,Result Declared,10
Hazaribagh,14,MANISH JAISWAL,Bharatiya Janata Party,JAI PRAKASH BHAI PATEL,Indian National Congress,276686.0,Result Declared,14
Hindupur,20,B K PARTHASARATHI,Telugu Desam,J SHANTHA,Yuvajana Sramika Rythu Congress Party,132427.0,Result Declared,20
Hingoli,15,AASHTIKAR PATIL NAGESH BAPURAO,Shiv Sena (Uddhav Balasaheb Thackrey),BABURAO KADAM KOHALIKAR,Shiv Sena,108602.0,Result Declared,15
Hooghly,28,RACHNA BANERJEE,All India Trinamool Congress,LOCKET CHATTERJEE,Bharatiya Janata Party,76853.0,Result Declared,28
Hoshiarpur,5,DR. RAJ KUMAR CHABBEWAL,Aam Aadmi Party,YAMINI GOMAR,Indian National Congress,44111.0,Result Declared,5
Howrah,25,PRASUN BANERJEE,All India Trinamool Congress,DR RATHIN CHAKRAVARTY,Bharatiya Janata Party,169442.0,Result Declared,25
Hyderabad,9,ASADUDDIN OWAISI,All India Majlis-E-Ittehadul Muslimeen,MADHAVI LATHA KOMPELLA,Bharatiya Janata Party,338087.0,Result Declared,9
INDORE,26,SHANKAR LALWANI,Bharatiya Janata Party,SANJAY S/O LAKSHMAN SOLANKI,Bahujan Samaj Party,1175092.0,Result Declared,26
Idukki,13,ADV. DEAN KURIAKOSE,Indian National Congress,ADV. JOICE GEORGE,Communist Party of India (Marxist),133727.0,Result Declared,13
Inner Manipur,1,ANGOMCHA BIMOL AKOIJAM,Indian National Congress,THOUNAOJAM BASANTA KUMAR SINGH,Bharatiya Janata Party,109801.0,Result Declared,1
JABALPUR,13,ASHISH DUBEY,Bharatiya Janata Party,DINESH YADAV,Indian National Congress,486674.0,Result Declared,13
JAIPUR,7,MANJU SHARMA,Bharatiya Janata Party,PRATAP SINGH KHACHARIYAWAS,Indian National Congress,331767.0,Result Declared,7
JAIPUR RURAL,6,RAO RAJENDRA SINGH,Bharatiya Janata Party,ANIL CHOPRA,Indian National Congress,1615.0,Result Declared,6
JALORE,18,LUMBARAM,Bharatiya Janata Party,VAIBHAV GEHLOT,Indian National Congress,201543.0,Result Declared,18
JAMMU,5,JUGAL KISHORE,Bharatiya Janata Party,RAMAN BHALLA,Indian National Congress,135498.0,Result Declared,5
JANJGIR-CHAMPA,3,KAMLESH JANGDE,Bharatiya Janata Party,DR. SHIVKUMAR DAHARIYA,Indian National Congress,60000.0,Result Declared,3
JHALAWAR-BARAN,25,DUSHYANT SINGH,Bharatiya Janata Party,URMILA JAIN “BHAYA”,Indian National Congress,370989.0,Result Declared,25
JHUNJHUNU,4,BRIJENDRA SINGH OLA,Indian National Congress,SHUBHKARAN CHOUDHARY,Bharatiya Janata Party,18235.0,Result Declared,4
JODHPUR,16,GAJENDRA SINGH SHEKHAWAT,Bharatiya Janata Party,KARAN SINGH UCHIYARDA,Indian National Congress,115677.0,Result Declared,16
Jadavpur,22,SAYANI GHOSH,All India Trinamool Congress,DR. ANIRBAN GANGULY,Bharatiya Janata Party,258201.0,Result Declared,22
Jagatsinghpur,16,BIBHU PRASAD TARAI,Bharatiya Janata Party,DR. RAJASHREE MALLICK,Biju Janata Dal,40696.0,Result Declared,16
Jahanabad,36,SURENDRA PRASAD YADAV,Rashtriya Janata Dal,CHANDESHWAR PRASAD,Janata Dal (United),142591.0,Result Declared,36
Jajpur,8,RABINDRA NARAYAN BEHERA,Bharatiya Janata Party,SARMISTHA SETHI,Biju Janata Dal,1587.0,Result Declared,8
Jalandhar,4,CHARANJIT SINGH CHANNI,Indian National Congress,SUSHIL KUMAR RINKU,Bharatiya Janata Party,175993.0,Result Declared,4
Jalaun,45,NARAYAN DAS AHIRWAR,Samajwadi Party,BHANU PRATAP SINGH VERMA,Bharatiya Janata Party,53898.0,Result Declared,45
Jalgaon,3,SMITA UDAY WAGH,Bharatiya Janata Party,KARAN BALASAHEB PATIL - PAWAR,Shiv Sena (Uddhav Balasaheb Thackrey),251594.0,Result Declared,3
Jalna,18,KALYAN VAIJINATHRAO KALE,Indian National Congress,DANVE RAOSAHEB DADARAO,Bharatiya Janata Party,109958.0,Result Declared,18
Jalpaiguri,3,DR JAYANTA KUMAR ROY,Bharatiya Janata Party,NIRMAL CHANDRA ROY,All India Trinamool Congress,86693.0,Result Declared,3
Jamnagar,12,POONAMBEN HEMATBHAI MAADAM,Bharatiya Janata Party,ADVOCATE J. P. MARAVIYA,Indian National Congress,238008.0,Result Declared,12
Jamshedpur,9,BIDYUT BARAN MAHATO,Bharatiya Janata Party,SAMIR KUMAR MOHANTY,Jharkhand Mukti Morcha,259782.0,Result Declared,9
Jamui,40,ARUN BHARTI,Lok Janshakti Party(Ram Vilas),ARCHANA KUMARI,Rashtriya Janata Dal,112482.0,Result Declared,40
Jangipur,9,KHALILUR RAHAMAN,All India Trinamool Congress,MURTOJA HOSSAIN BOKUL,Indian National Congress,116637.0,Result Declared,9
Jaunpur,73,BABU SINGH KUSHWAHA,Samajwadi Party,KRIPASHANKAR SINGH,Bharatiya Janata Party,99335.0,Result Declared,73
Jhanjharpur,7,RAMPRIT MANDAL,Janata Dal (United),SUMAN KUMAR MAHASETH,Vikassheel Insaan Party,184169.0,Result Declared,7
Jhansi,46,ANURAG SHARMA,Bharatiya Janata Party,"PRADEEP JAIN ""ADITYA""",Indian National Congress,102614.0,Result Declared,46
Jhargram,33,KALIPADA SAREN (KHERWAL),All India Trinamool Congress,DR. PRANAT TUDU,Bharatiya Janata Party,174048.0,Result Declared,33
Jorhat,14,GAURAV GOGOI,Indian National Congress,TOPON KUMAR GOGOI,Bharatiya Janata Party,144393.0,Result Declared,14
Joynagar,19,PRATIMA MONDAL,All India Trinamool Congress,ASHOK KANDARY,Bharatiya Janata Party,470219.0,Result Declared,19
Junagadh,13,CHUDASAMA RAJESHBHAI NARANBHAI,Bharatiya Janata Party,JOTVA HIRABHAI ARJANBHAI,Indian National Congress,135494.0,Result Declared,13
KALLAKURICHI,14,MALAIYARASAN D,Dravida Munnetra Kazhagam,KUMARAGURU R,All India Anna Dravida Munnetra Kazhagam,53784.0,Result Declared,14
KANCHEEPURAM,6,SELVAM. G,Dravida Munnetra Kazhagam,RAJASEKAR. E,All India Anna Dravida Munnetra Kazhagam,221473.0,Result Declared,6
KANGRA,1,DR RAJEEV BHARDWAJ,Bharatiya Janata Party,ANAND SHARMA,Indian National Congress,251895.0,Result Declared,1
KANKER,11,BHOJRAJ NAG,Bharatiya Janata Party,BIRESH THAKUR,Indian National Congress,1884.0,Result Declared,11
KANNIYAKUMARI,39,VIJAYAKUMAR (Alias) VIJAY VASANTH,Indian National Congress,RADHAKRISHNAN P,Bharatiya Janata Party,179907.0,Result Declared,39
KARAULI-DHOLPUR,10,BHAJAN LAL JATAV,Indian National Congress,INDU DEVI,Bharatiya Janata Party,98945.0,Result Declared,10
KARNAL,5,MANOHAR LAL,Bharatiya Janata Party,DIVYANSHU BUDHIRAJA,Indian National Congress,232577.0,Result Declared,5
KARUR,23,JOTHIMANI. S,Indian National Congress,THANGAVEL. L,All India Anna Dravida Munnetra Kazhagam,166816.0,Result Declared,23
KHAJURAHO,8,VISHNU DATT SHARMA (V.D.SHARMA),Bharatiya Janata Party,KAMLESH KUMAR,Bahujan Samaj Party,541229.0,Result Declared,8
KHANDWA,28,GYANESHWAR PATIL,Bharatiya Janata Party,NARENDRA PATEL,Indian National Congress,269971.0,Result Declared,28
KHARGONE,27,GAJENDRA SINGH PATEL,Bharatiya Janata Party,PORLAL BATHA KHARTE,Indian National Congress,135018.0,Result Declared,27
KORBA,4,JYOTSNA CHARANDAS MAHANT,Indian National Congress,SAROJ PANDEY,Bharatiya Janata Party,43283.0,Result Declared,4
KOTA,24,OM BIRLA,Bharatiya Janata Party,PRAHLAD GUNJAL,Indian National Congress,41974.0,Result Declared,24
KRISHNAGIRI,9,GOPINATH K,Indian National Congress,JAYAPRAKASH V,All India Anna Dravida Munnetra Kazhagam,192486.0,Result Declared,9
KURUKSHETRA,2,NAVEEN JINDAL,Bharatiya Janata Party,DR SUSHIL GUPTA,Aam Aadmi Party,29021.0,Result Declared,2
Kachchh,1,CHAVDA VINOD LAKHAMSHI,Bharatiya Janata Party,NITESH PARBATBHAI LALAN (MATANG),Indian National Congress,268782.0,Result Declared,1
Kadapa,21,Y. S. AVINASH REDDY,Yuvajana Sramika Rythu Congress Party,CHADIPIRALLA BHUPESH SUBBARAMI REDDY,Telugu Desam,62695.0,Result Declared,21
Kairana,2,IQRA CHOUDHARY,Samajwadi Party,PRADEEP KUMAR,Bharatiya Janata Party,69116.0,Result Declared,2
Kaiserganj,57,KARAN BHUSHAN SINGH,Bharatiya Janata Party,BHAGAT RAM,Samajwadi Party,148843.0,Result Declared,57
Kakinada,6,TANGELLA UDAY SRINIVAS (TEA TIME UDAY),Janasena Party,CHALAMALASETTY SUNIL,Yuvajana Sramika Rythu Congress Party,229491.0,Result Declared,6
Kalahandi,11,MALVIKA DEVI,Bharatiya Janata Party,LAMBODAR NIAL,Biju Janata Dal,133813.0,Result Declared,11
Kalyan,24,DR SHRIKANT EKNATH SHINDE,Shiv Sena,VAISHALI DAREKAR - RANE,Shiv Sena (Uddhav Balasaheb Thackrey),209144.0,Result Declared,24
Kandhamal,13,SUKANTA KUMAR PANIGRAHI,Bharatiya Janata Party,ACHYUTANANDA SAMANTA,Biju Janata Dal,21371.0,Result Declared,13
Kannauj,42,AKHILESH YADAV,Samajwadi Party,SUBRAT PATHAK,Bharatiya Janata Party,170922.0,Result Declared,42
Kannur,2,K. SUDHAKARAN,Indian National Congress,M.V. JAYARAJAN,Communist Party of India (Marxist),108982.0,Result Declared,2
Kanpur,43,RAMESH AWASTHI,Bharatiya Janata Party,ALOK MISRA,Indian National Congress,20968.0,Result Declared,43
Kanthi,31,ADHIKARI SOUMENDU,Bharatiya Janata Party,UTTAM BARIK SON OF LATE BIRENDRA BARIK,All India Trinamool Congress,47764.0,Result Declared,31
Karakat,35,RAJA RAM SINGH,Communist Party of India (Marxist-Leninist) (Liberation),PAWAN SINGH,Independent,105858.0,Result Declared,35
Karimganj,7,KRIPANATH MALLAH,Bharatiya Janata Party,HAFIZ RASHID AHMED CHOUDHURY,Indian National Congress,18360.0,Result Declared,7
Karimnagar,3,BANDI SANJAY KUMAR,Bharatiya Janata Party,VELCHALA RAJENDER RAO,Indian National Congress,225209.0,Result Declared,3
Kasaragod,1,RAJMOHAN UNNITHAN,Indian National Congress,M.V BALAKRISHNAN MASTER,Communist Party of India (Marxist),100649.0,Result Declared,1
Katihar,11,TARIQ ANWAR,Indian National Congress,DULAL CHANDRA GOSWAMI,Janata Dal (United),49863.0,Result Declared,11
Kaushambi,50,PUSHPENDRA SAROJ,Samajwadi Party,VINOD KUMAR SONKAR,Bharatiya Janata Party,103944.0,Result Declared,50
Kaziranga,10,KAMAKHYA PRASAD TASA,Bharatiya Janata Party,ROSELINA TIRKEY,Indian National Congress,248947.0,Result Declared,10
Kendrapara,15,BAIJAYANT PANDA,Bharatiya Janata Party,ANSHUMAN MOHANTY,Biju Janata Dal,66536.0,Result Declared,15
Keonjhar,4,ANANTA NAYAK,Bharatiya Janata Party,DHANURJAYA SIDU,Biju Janata Dal,97042.0,Result Declared,4
Khadoor Sahib,3,AMRITPAL SINGH,Independent,KULBIR SINGH ZIRA,Indian National Congress,197120.0,Result Declared,3
Khagaria,25,RAJESH VERMA,Lok Janshakti Party(Ram Vilas),SANJAY KUMAR,Communist Party of India (Marxist),161131.0,Result Declared,25
Khammam,17,RAMASAHAYAM RAGHURAM REDDY,Indian National Congress,NAMA NAGESWARA RAO,Bharat Rashtra Samith,467847.0,Result Declared,17
Kheda,17,DEVUSINH CHAUHAN,Bharatiya Janata Party,KALUSINH DABHI,Indian National Congress,357758.0,Result Declared,17
Kheri,28,UTKARSH VERMA 'MADHUR',Samajwadi Party,AJAY KUMAR,Bharatiya Janata Party,34329.0,Result Declared,28
Khunti,11,KALI CHARAN MUNDA,Indian National Congress,ARJUN MUNDA,Bharatiya Janata Party,149675.0,Result Declared,11
Kishanganj,10,MOHAMMAD JAWED,Indian National Congress,MUJAHID ALAM,Janata Dal (United),59692.0,Result Declared,10
Kodarma,5,ANNPURNA DEVI,Bharatiya Janata Party,VINOD KUMAR SINGH,Communist Party of India (Marxist-Leninist) (Liberation),377014.0,Result Declared,5
Kokrajhar,1,JOYANTA BASUMATARY,"United People’s Party, Liberal",KAMPA BORGOYARI,Bodoland Peoples Front,51583.0,Result Declared,1
Kolar,28,M. MALLESH BABU,Janata Dal (Secular),K V GOWTHAM,Indian National Congress,71388.0,Result Declared,28
Kolhapur,47,CHHATRAPATI SHAHU SHAHAJI,Indian National Congress,SANJAY SADASHIVRAO MANDLIK,Shiv Sena,154964.0,Result Declared,47
Kolkata Dakshin,23,MALA ROY,All India Trinamool Congress,DEBASREE CHAUDHURI,Bharatiya Janata Party,187231.0,Result Declared,23
Kolkata Uttar,24,BANDYOPADHYAY SUDIP,All India Trinamool Congress,TAPAS ROY,Bharatiya Janata Party,92560.0,Result Declared,24
Kollam,18,N K PREMACHANDRAN,Revolutionary Socialist Party,M MUKESH,Communist Party of India (Marxist),150302.0,Result Declared,18
Koppal,8,K. RAJASHEKAR BASAVARAJ HITNAL,Indian National Congress,DR . BASAVARAJ. K. SHARANAPPA,Bharatiya Janata Party,46357.0,Result Declared,8
Koraput,21,SAPTAGIRI SANKAR ULAKA,Indian National Congress,KAUSALYA HIKAKA,Biju Janata Dal,147744.0,Result Declared,21
Kottayam,14,ADV K FRANCIS GEORGE,Kerala Congress,THOMAS CHAZHIKADAN,Kerala Congress (M),87266.0,Result Declared,14
Kozhikode,5,M. K. RAGHAVAN,Indian National Congress,ELAMARAM KAREEM,Communist Party of India (Marxist),146176.0,Result Declared,5
Krishnanagar,12,MAHUA MOITRA,All India Trinamool Congress,AMRITA ROY,Bharatiya Janata Party,56705.0,Result Declared,12
Kurnoolu,18,BASTIPATI NAGARAJU PANCHALINGALA,Telugu Desam,B Y RAMAIAH,Yuvajana Sramika Rythu Congress Party,111298.0,Result Declared,18
Kushi Nagar,65,VIJAY KUMAR DUBAY,Bharatiya Janata Party,AJAY PRATAP SINGH URF PINTU SAITHWAR,Samajwadi Party,81790.0,Result Declared,65
Ladakh,1,MOHMAD HANEEFA,Independent,TSERING NAMGYAL,Indian National Congress,27862.0,Result Declared,1
Lakhimpur,12,PRADAN BARUAH,Bharatiya Janata Party,UDAY SHANKAR HAZARIKA,Indian National Congress,201257.0,Result Declared,12
Lakshadweep,1,MUHAMMED HAMDULLAH SAYEED,Indian National Congress,MOHAMMED FAIZAL PP,Nationalist Congress Party – Sharadchandra Pawar,2647.0,Result Declared,1
Lalganj,68,DAROGA PRASAD SAROJ,Samajwadi Party,NEELAM SONKER,Bharatiya Janata Party,115023.0,Result Declared,68
Latur,41,DR. KALGE SHIVAJI BANDAPPA,Indian National Congress,SUDHAKAR TUKARAM SHRANGARE,Bharatiya Janata Party,61881.0,Result Declared,41
Lohardaga,12,SUKHDEO BHAGAT,Indian National Congress,SAMIR ORAON,Bharatiya Janata Party,139138.0,Result Declared,12
Lucknow,35,RAJ NATH SINGH,Bharatiya Janata Party,RAVIDAS MEHROTRA,Samajwadi Party,135159.0,Result Declared,35
Ludhiana,7,AMRINDER SINGH RAJA WARRING,Indian National Congress,RAVNEET SINGH BITTU,Bharatiya Janata Party,20942.0,Result Declared,7
MADURAI,32,VENKATESAN S,Communist Party of India (Marxist),RAAMA SREENIVASAN,Bharatiya Janata Party,209409.0,Result Declared,32
MAHASAMUND,9,ROOP KUMARI CHOUDHARY,Bharatiya Janata Party,TAMRADHWAJ SAHU,Indian National Congress,145456.0,Result Declared,9
MANDI,2,KANGNA RANAUT,Bharatiya Janata Party,VIKRAMADITYA SINGH,Indian National Congress,74755.0,Result Declared,2
MANDLA,14,FAGGAN SINGH KULASTE,Bharatiya Janata Party,OMKAR SINGH MARKAM,Indian National Congress,103846.0,Result Declared,14
MANDSOUR,23,SUDHEER GUPTA,Bharatiya Janata Party,DILIP SINGH GURJAR,Indian National Congress,500655.0,Result Declared,23
MAYILADUTHURAI,28,SUDHA R,Indian National Congress,BABU P,All India Anna Dravida Munnetra Kazhagam,271183.0,Result Declared,28
MIZORAM,1,RICHARD VANLALHMANGAIHA,Zoram People’s Movement,K VANLALVENA,Mizo National Front,68288.0,Result Declared,1
MORENA,1,SHIVMANGAL SINGH TOMAR,Bharatiya Janata Party,NEETU SATYAPAL SINGH SIKARWAR,Indian National Congress,52530.0,Result Declared,1
Machhlishahr,74,PRIYA SAROJ,Samajwadi Party,BHOLANATH (B.P. SAROJ),Bharatiya Janata Party,35850.0,Result Declared,74
Machilipatnam,11,BALASHOWRY VALLABHANENI,Janasena Party,SIMHADRI CHANDRA SEKHAR RAO,Yuvajana Sramika Rythu Congress Party,223179.0,Result Declared,11
Madha,43,MOHITE-PATIL DHAIRYASHEEL RAJSINH,Nationalist Congress Party – Sharadchandra Pawar,RANJEETSINGH HINDURAO NAIK NIMBALKAR,Bharatiya Janata Party,120837.0,Result Declared,43
Madhepura,13,DINESH CHANDRA YADAV,Janata Dal (United),DA KUMAR CHANDRADEEP,Rashtriya Janata Dal,174534.0,Result Declared,13
Madhubani,6,ASHOK KUMAR YADAV,Bharatiya Janata Party,MD ALI ASHRAF FATMI,Rashtriya Janata Dal,151945.0,Result Declared,6
Mahabubabad,16,BALRAM NAIK PORIKA,Indian National Congress,KAVITHA MALOTH,Bharat Rashtra Samith,349165.0,Result Declared,16
Maharajganj,63,PANKAJ CHAUDHARY,Bharatiya Janata Party,VIRENDRA CHAUDHARY,Indian National Congress,35451.0,Result Declared,63
Maharajganj,19,"JANARDAN SINGH ""SIGRIWAL""",Bharatiya Janata Party,AAKASH KUMAR SINGH,Indian National Congress,102651.0,Result Declared,19
Mahbubnagar,11,ARUNA. D. K,Bharatiya Janata Party,CHALLA VAMSHI CHAND REDDY,Indian National Congress,4500.0,Result Declared,11
Mahesana,4,HARIBHAI PATEL,Bharatiya Janata Party,RAMJI THAKOR,Indian National Congress,328046.0,Result Declared,4
Mainpuri,21,DIMPLE YADAV,Samajwadi Party,JAYVEER SINGH,Bharatiya Janata Party,221639.0,Result Declared,21
Malappuram,6,E.T. MOHAMMED BASHEER,Indian Union Muslim League,V. VASEEF,Communist Party of India (Marxist),300118.0,Result Declared,6
Maldaha Dakshin,8,ISHA KHAN CHOUDHURY,Indian National Congress,SREERUPA MITRA CHAUDHURY (NIRBHAYA DIDI),Bharatiya Janata Party,128368.0,Result Declared,8
Maldaha Uttar,7,KHAGEN MURMU,Bharatiya Janata Party,PRASUN BANERJEE,All India Trinamool Congress,77708.0,Result Declared,7
Malkajgiri,7,EATALA RAJENDER,Bharatiya Janata Party,PATNAM SUNEETHA MAHENDER REDDY,Indian National Congress,391475.0,Result Declared,7
Mandya,20,H.D. KUMARASWAMY,Janata Dal (Secular),VENKATARAMANE GOWDA (STAR CHANDRU),Indian National Congress,284620.0,Result Declared,20
Mathura,17,HEMAMALINI DHARMENDRA DEOL,Bharatiya Janata Party,MUKESH DHANGAR,Indian National Congress,293407.0,Result Declared,17
Mathurapur,20,BAPI HALDAR,All India Trinamool Congress,ASHOK PURKAIT,Bharatiya Janata Party,201057.0,Result Declared,20
Maval,33,SHRIRANG APPA CHANDU BARNE,Shiv Sena,SANJOG BHIKU WAGHERE PATIL,Shiv Sena (Uddhav Balasaheb Thackrey),96615.0,Result Declared,33
Mavelikkara,16,KODIKUNNIL SURESH,Indian National Congress,ADV ARUN KUMAR C A,Communist Party of India,10868.0,Result Declared,16
Mayurbhanj,5,NABA CHARAN MAJHI,Bharatiya Janata Party,SUDAM MARNDI,Biju Janata Dal,219334.0,Result Declared,5
Medak,6,MADHAVANENI RAGHUNANDAN RAO,Bharatiya Janata Party,NEELAM MADHU,Indian National Congress,39139.0,Result Declared,6
Medinipur,34,JUNE MALIAH,All India Trinamool Congress,AGNIMITRA PAUL,Bharatiya Janata Party,27191.0,Result Declared,34
Meerut,10,ARUN GOVIL,Bharatiya Janata Party,SUNITA VERMA,Samajwadi Party,10585.0,Result Declared,10
Mirzapur,79,ANUPRIYA PATEL,Apna Dal (Soneylal),RAMESH CHAND BIND,Samajwadi Party,37810.0,Result Declared,79
Misrikh,32,ASHOK KUMAR RAWAT,Bharatiya Janata Party,SANGITA RAJVANSHI,Samajwadi Party,33406.0,Result Declared,32
Mohanlalganj,34,R.K. CHAUDHARY,Samajwadi Party,KAUSHAL KISHORE,Bharatiya Janata Party,70292.0,Result Declared,34
Moradabad,6,RUCHI VIRA,Samajwadi Party,KUNWAR SARVESH KUMAR,Bharatiya Janata Party,105762.0,Result Declared,6
Mumbai North,26,PIYUSH GOYAL,Bharatiya Janata Party,BHUSHAN PATIL,Indian National Congress,357608.0,Result Declared,26
Mumbai North Central,29,GAIKWAD VARSHA EKNATH,Indian National Congress,ADV UJWAL NIKAM,Bharatiya Janata Party,16514.0,Result Declared,29
Mumbai North East,28,SANJAY DINA PATIL,Shiv Sena (Uddhav Balasaheb Thackrey),MIHIR CHANDRAKANT KOTECHA,Bharatiya Janata Party,29861.0,Result Declared,28
Mumbai North West,27,RAVINDRA DATTARAM WAIKAR,Shiv Sena,AMOL GAJANAN KIRTIKAR,Shiv Sena (Uddhav Balasaheb Thackrey),48.0,Result Declared,27
Mumbai South,31,ARVIND GANPAT SAWANT,Shiv Sena (Uddhav Balasaheb Thackrey),YAMINI YASHWANT JADHAV,Shiv Sena,52673.0,Result Declared,31
Mumbai South Central,30,ANIL YESHWANT DESAI,Shiv Sena (Uddhav Balasaheb Thackrey),RAHUL RAMESH SHEWALE,Shiv Sena,53384.0,Result Declared,30
Munger,28,RAJIV RANJAN SINGH ALIAS LALAN SINGH,Janata Dal (United),KUMARI ANITA,Rashtriya Janata Dal,80870.0,Result Declared,28
Murshidabad,11,ABU TAHER KHAN,All India Trinamool Congress,MD SALIM,Communist Party of India (Marxist),164215.0,Result Declared,11
Muzaffarnagar,3,HARENDRA SINGH MALIK,Samajwadi Party,SANJEEV KUMAR BALYAN,Bharatiya Janata Party,24672.0,Result Declared,3
Muzaffarpur,15,RAJ BHUSHAN CHOUDHARY,Bharatiya Janata Party,AJAY NISHAD,Indian National Congress,234927.0,Result Declared,15
Mysore,21,YADUVEER KRISHNADATTA CHAMARAJA WADIYAR,Bharatiya Janata Party,M. LAKSHMANA,Indian National Congress,139262.0,Result Declared,21
NAGAPATTINAM,29,SELVARAJ V,Communist Party of India,DR SURSITH SANKAR G,All India Anna Dravida Munnetra Kazhagam,208957.0,Result Declared,29
NAGAUR,14,HANUMAN BENIWAL,Rashtriya Loktantrik Party,JYOTI MIRDHA,Bharatiya Janata Party,42225.0,Result Declared,14
NAMAKKAL,16,MATHESWARAN V S,Dravida Munnetra Kazhagam,TAMILMANI S,All India Anna Dravida Munnetra Kazhagam,29112.0,Result Declared,16
NILGIRIS,19,RAJA A,Dravida Munnetra Kazhagam,DR MURUGAN L,Bharatiya Janata Party,240585.0,Result Declared,19
Nabarangpur,12,BALABHADRA MAJHI,Bharatiya Janata Party,PRADEEP KUMAR MAJHI,Biju Janata Dal,87536.0,Result Declared,12
Nagaland,1,S SUPONGMEREN JAMIR,Indian National Congress,DR CHUMBEN MURRY,Nationalist Democratic Progressive Party,50984.0,Result Declared,1
Nagaon,9,PRADYUT BORDOLOI,Indian National Congress,SURESH BORAH,Bharatiya Janata Party,212231.0,Result Declared,9
Nagarkurnool,12,DR.MALLU RAVI,Indian National Congress,BHARATH PRASAD POTHUGANTI,Bharatiya Janata Party,94414.0,Result Declared,12
Nagina,5,CHANDRASHEKHAR,Aazad Samaj Party (Kanshi Ram),OM KUMAR,Bharatiya Janata Party,151473.0,Result Declared,5
Nagpur,10,NITIN JAIRAM GADKARI,Bharatiya Janata Party,VIKAS THAKRE,Indian National Congress,137603.0,Result Declared,10
Nainital-Udhamsingh Nagar,4,AJAY BHATT,Bharatiya Janata Party,PRAKASH JOSHI,Indian National Congress,334548.0,Result Declared,4
Nalanda,29,KAUSHALENDRA KUMAR,Janata Dal (United),DR. SANDEEP SAURAV,Communist Party of India (Marxist-Leninist) (Liberation),169114.0,Result Declared,29
Nalgonda,13,KUNDURU RAGHUVEER,Indian National Congress,SAIDI REDDY SHANAMPUDI,Bharatiya Janata Party,559905.0,Result Declared,13
Nanded,16,CHAVAN VASANTRAO BALWANTRAO,Indian National Congress,CHIKHALIKAR PRATAPRAO GOVINDRAO,Bharatiya Janata Party,59442.0,Result Declared,16
Nandurbar,1,ADV GOWAAL KAGADA PADAVI,Indian National Congress,DR HEENA VIJAYKUMAR GAVIT,Bharatiya Janata Party,159120.0,Result Declared,1
Nandyal,17,DR BYREDDY SHABARI,Telugu Desam,POCHA BRAHMANANDA REDDY,Yuvajana Sramika Rythu Congress Party,111975.0,Result Declared,17
Narsapuram,9,BHUPATHI RAJU SRINIVASA VARMA (B.J.P.VARMA),Bharatiya Janata Party,UMABALA GUDURI,Yuvajana Sramika Rythu Congress Party,276802.0,Result Declared,9
Narsaraopet,14,LAVU SRIKRISHNA DEVARAYALU,Telugu Desam,ANIL KUMAR POLUBOINA,Yuvajana Sramika Rythu Congress Party,159729.0,Result Declared,14
Nashik,21,RAJABHAU (PARAG) PRAKASH WAJE,Shiv Sena (Uddhav Balasaheb Thackrey),GODSE HEMANT TUKARAM,Shiv Sena,162001.0,Result Declared,21
Navsari,25,C R PATIL,Bharatiya Janata Party,NAISHADHBHAI BHUPATBHAI DESAI,Indian National Congress,773551.0,Result Declared,25
Nawada,39,VIVEK THAKUR,Bharatiya Janata Party,SHRAWAN KUMAR,Rashtriya Janata Dal,67670.0,Result Declared,39
Nellore,22,PRABHAKAR REDDY VEMIREDDY,Telugu Desam,VENUMBAKA VIJAYASAI REDDY,Yuvajana Sramika Rythu Congress Party,245902.0,Result Declared,22
New Delhi,4,BANSURI SWARAJ,Bharatiya Janata Party,SOMNATH BHARTI,Aam Aadmi Party,78370.0,Result Declared,4
Nizamabad,4,ARVIND DHARMAPURI,Bharatiya Janata Party,JEEVANREDDY THATIPARTHI,Indian National Congress,109241.0,Result Declared,4
North Goa,1,SHRIPAD YESSO NAIK,Bharatiya Janata Party,RAMAKANT KHALAP,Indian National Congress,116015.0,Result Declared,1
North-East Delhi,2,MANOJ TIWARI,Bharatiya Janata Party,KANHAIYA KUMAR,Indian National Congress,138778.0,Result Declared,2
North-West Delhi,5,YOGENDER CHANDOLIYA,Bharatiya Janata Party,UDIT RAJ,Indian National Congress,290849.0,Result Declared,5
Ongole,16,MAGUNTA SREENIVASULU REDDY,Telugu Desam,DR CHEVIREDDY BHASKAR REDD,Yuvajana Sramika Rythu Congress Party,50199.0,Result Declared,16
Osmanabad,40,OMPRAKASH BHUPALSINH ALIAS PAVAN RAJENIMBALKAR,Shiv Sena (Uddhav Balasaheb Thackrey),ARCHANA RANAJAGJITSINH PATIL,Nationalist Congress Party,329846.0,Result Declared,40
Outer Manipur,2,ALFRED KANNGAM S ARTHUR,Indian National Congress,KACHUI TIMOTHY ZIMIK,Naga Peoples Front,85418.0,Result Declared,2
PALI,15,P. P. CHAUDHARY,Bharatiya Janata Party,SANGEETA BENIWAL,Indian National Congress,245351.0,Result Declared,15
PERAMBALUR,25,ARUN NEHRU,Dravida Munnetra Kazhagam,CHANDRAMOHAN N D,All India Anna Dravida Munnetra Kazhagam,389107.0,Result Declared,25
POLLACHI,21,ESWARASAMY K,Dravida Munnetra Kazhagam,KARTHIKEYAN A,All India Anna Dravida Munnetra Kazhagam,252042.0,Result Declared,21
PUDUCHERRY,1,VE VAITHILINGAM,Indian National Congress,A NAMASSIVAYAM,Bharatiya Janata Party,136516.0,Result Declared,1
Palakkad,8,V K SREEKANDAN,Indian National Congress,A VIJAYARAGHAVAN,Communist Party of India (Marxist),75283.0,Result Declared,8
Palamau,13,VISHNU DAYAL RAM,Bharatiya Janata Party,MAMTA BHUIYAN,Rashtriya Janata Dal,288807.0,Result Declared,13
Palghar,22,DR. HEMANT VISHNU SAVARA,Bharatiya Janata Party,BHARTI BHARAT KAMDI,Shiv Sena (Uddhav Balasaheb Thackrey),183306.0,Result Declared,22
Panchmahal,18,RAJPALSINH MAHENDRASINH JADAV,Bharatiya Janata Party,GULABSINH SOMSINH CHAUHAN,Indian National Congress,509342.0,Result Declared,18
Parbhani,17,JADHAV SANJAY ( BANDU ) HARIBHAU,Shiv Sena (Uddhav Balasaheb Thackrey),JANKAR MAHADEV JAGANNATH,Rashtriya Samaj Paksha,134061.0,Result Declared,17
Paschim Champaran,2,DR.SANJAY JAISWAL,Bharatiya Janata Party,MADAN MOHAN TIWARI,Indian National Congress,136568.0,Result Declared,2
Patan,3,DABHI BHARATSINHJI SHANKARJI,Bharatiya Janata Party,CHANDANJI TALAJI THAKOR,Indian National Congress,31876.0,Result Declared,3
Pathanamthitta,17,ANTO ANTONY,Indian National Congress,DR.T.M.THOMAS ISSAC,Communist Party of India (Marxist),66119.0,Result Declared,17
Patiala,13,DR DHARAMVIRA GANDHI,Indian National Congress,DR BALBIR SINGH,Aam Aadmi Party,14831.0,Result Declared,13
Patliputra,31,MISHA BHARTI,Rashtriya Janata Dal,RAM KRIPAL YADAV,Bharatiya Janata Party,85174.0,Result Declared,31
Patna Sahib,30,RAVI SHANKAR PRASAD,Bharatiya Janata Party,ANSHUL AVIJIT,Indian National Congress,153846.0,Result Declared,30
Peddapalle,2,VAMSI KRISHNA GADDAM,Indian National Congress,SRINIVAS GOMASE,Bharatiya Janata Party,131364.0,Result Declared,2
Phulpur,51,PRAVEEN PATEL,Bharatiya Janata Party,AMAR NATH SINGH MAURYA,Samajwadi Party,4332.0,Result Declared,51
Pilibhit,26,JITIN PRASADA,Bharatiya Janata Party,BHAGWAT SARAN GANGWAR,Samajwadi Party,164935.0,Result Declared,26
Ponnani,7,DR. M.P ABDUSSAMAD SAMADANI,Indian Union Muslim League,K.S HAMZA,Communist Party of India (Marxist),235760.0,Result Declared,7
Porbandar,11,DR. MANSUKH MANDAVIYA,Bharatiya Janata Party,LALIT VASOYA,Indian National Congress,383360.0,Result Declared,11
Pratapgarh,39,SHIV PAL SINGH PATEL (DR. S P SINGH),Samajwadi Party,SANGAM LAL GUPTA,Bharatiya Janata Party,66206.0,Result Declared,39
Pune,34,MURLIDHAR MOHOL,Bharatiya Janata Party,DHANGEKAR RAVINDRA HEMRAJ,Indian National Congress,123038.0,Result Declared,34
Puri,17,SAMBIT PATRA,Bharatiya Janata Party,ARUP MOHAN PATNAIK,Biju Janata Dal,104709.0,Result Declared,17
Purnia,12,RAJESH RANJAN ALIAS PAPPU YADAV,Independent,SANTOSH KUMAR,Janata Dal (United),23847.0,Result Declared,12
Purulia,35,JYOTIRMAY SINGH MAHATO,Bharatiya Janata Party,SHANTIRAM MAHATO,All India Trinamool Congress,17079.0,Result Declared,35
Purvi Champaran,3,RADHA MOHAN SINGH,Bharatiya Janata Party,DR RAJESH KUMAR,Vikassheel Insaan Party,88287.0,Result Declared,3
RAIGARH,2,RADHESHYAM RATHIYA,Bharatiya Janata Party,DR. MENKA DEVI SINGH,Indian National Congress,240391.0,Result Declared,2
RAIPUR,8,BRIJMOHAN AGRAWAL,Bharatiya Janata Party,VIKAS UPADHYAY,Indian National Congress,575285.0,Result Declared,8
RAJGARH,20,RODMAL NAGAR,Bharatiya Janata Party,DIGVIJAYA SINGH,Indian National Congress,146089.0,Result Declared,20
RAJNANDGAON,6,SANTOSH PANDEY,Bharatiya Janata Party,BHUPESH BAGHEL,Indian National Congress,44411.0,Result Declared,6
RAJSAMAND,22,MAHIMA KUMARI MEWAR,Bharatiya Janata Party,DR. DAMODAR GURJAR,Indian National Congress,392223.0,Result Declared,22
RAMANATHAPURAM,35,NAVASKANI K,Indian Union Muslim League,PANNEERSELVAM O S/O OTTAKARATHEVAR,Independent,166782.0,Result Declared,35
RATLAM,24,ANITA NAGARSINGH CHOUHAN,Bharatiya Janata Party,KANTILAL BHURIA,Indian National Congress,207232.0,Result Declared,24
REWA,10,JANARDAN MISHRA,Bharatiya Janata Party,NEELAM ABHAY MISHRA,Indian National Congress,193374.0,Result Declared,10
ROHTAK,7,DEEPENDER SINGH HOODA,Indian National Congress,DR. ARVIND KUMAR SHARMA,Bharatiya Janata Party,345298.0,Result Declared,7
Rae Bareli,36,RAHUL GANDHI,Indian National Congress,DINESH PRATAP SINGH,Bharatiya Janata Party,390030.0,Result Declared,36
Raichur,6,G. KUMAR NAIK.,Indian National Congress,RAJA AMARESHWARA NAIK.,Bharatiya Janata Party,79781.0,Result Declared,6
Raigad,32,TATKARE SUNIL DATTATREY,Nationalist Congress Party,ANANT GEETE,Shiv Sena (Uddhav Balasaheb Thackrey),82784.0,Result Declared,32
Raiganj,5,KARTICK CHANDRA PAUL,Bharatiya Janata Party,KALYANI KRISHNA,All India Trinamool Congress,68197.0,Result Declared,5
Rajahmundry,8,DAGGUBATI PURANDHESHWARI,Bharatiya Janata Party,DR. GUDURI SRINIVAS,Yuvajana Sramika Rythu Congress Party,239139.0,Result Declared,8
Rajampet,24,P V MIDHUN REDDY,Yuvajana Sramika Rythu Congress Party,NALLARI KIRAN KUMAR REDDY,Bharatiya Janata Party,76071.0,Result Declared,24
Rajkot,10,PARSHOTTAMBHAI RUPALA,Bharatiya Janata Party,DHANANI PARESH,Indian National Congress,484260.0,Result Declared,10
Rajmahal,1,VIJAY KUMAR HANSDAK,Jharkhand Mukti Morcha,TALA MARANDI,Bharatiya Janata Party,178264.0,Result Declared,1
Rampur,7,MOHIBBULLAH,Samajwadi Party,GHANSHYAM SINGH LODHI,Bharatiya Janata Party,87434.0,Result Declared,7
Ramtek,9,Shyamkumar (Babalu) Daulat Barve,Indian National Congress,RAJU DEONATH PARVE,Shiv Sena,76768.0,Result Declared,9
Ranaghat,13,JAGANNATH SARKAR,Bharatiya Janata Party,MUKUT MANI ADHIKARI,All India Trinamool Congress,186899.0,Result Declared,13
Ranchi,8,SANJAY SETH,Bharatiya Janata Party,YASHASWINI SAHAY,Indian National Congress,120512.0,Result Declared,8
Ratnagiri- Sindhudurg,46,NARAYAN TATU RANE,Bharatiya Janata Party,VINAYAK BHAURAO RAUT,Shiv Sena (Uddhav Balasaheb Thackrey),47858.0,Result Declared,46
Raver,4,KHADSE RAKSHA NIKHIL,Bharatiya Janata Party,SHRIRAM DAYARAM PATIL,Nationalist Congress Party – Sharadchandra Pawar,272183.0,Result Declared,4
Robertsganj,80,CHHOTELAL,Samajwadi Party,RINKI SINGH,Apna Dal (Soneylal),129234.0,Result Declared,80
SAGAR,5,DR. LATA WANKHEDE,Bharatiya Janata Party,CHANDRA BHUSAN SINGH BUNDELA 'GUDDU RAJA',Indian National Congress,471222.0,Result Declared,5
SALEM,15,SELVAGANAPATHI T M,Dravida Munnetra Kazhagam,VIGNESH P,All India Anna Dravida Munnetra Kazhagam,70357.0,Result Declared,15
SATNA,9,GANESH SINGH,Bharatiya Janata Party,DABBU SIDDHARTH SUKHLAL KUSHWAHA,Indian National Congress,84949.0,Result Declared,9
SHAHDOL,12,SMT. HIMADRI SINGH,Bharatiya Janata Party,PHUNDE LAL SINGH MARKO,Indian National Congress,397340.0,Result Declared,12
SHIMLA,4,Suresh Kumar Kashyap,Bharatiya Janata Party,Vinod Sultanpuri,Indian National Congress,91451.0,Result Declared,4
SIDHI,11,DR. RAJESH MISHRA,Bharatiya Janata Party,KAMLESHWAR INDRAJIT KUMAR,Indian National Congress,206416.0,Result Declared,11
SIKAR,5,AMRARAM,Communist Party of India (Marxist),SUMEDHANAND SARASWATI,Bharatiya Janata Party,72896.0,Result Declared,5
SIRSA,3,SELJA,Indian National Congress,ASHOK TANWAR,Bharatiya Janata Party,268497.0,Result Declared,3
SIVAGANGA,31,KARTI P CHIDAMBARAM,Indian National Congress,XAVIERDASS A,All India Anna Dravida Munnetra Kazhagam,205664.0,Result Declared,31
SONIPAT,6,SATPAL BRAHAMCHARI,Indian National Congress,MOHAN LAL BADOLI,Bharatiya Janata Party,21816.0,Result Declared,6
SRINAGAR,2,AGA SYED RUHULLAH MEHDI,Jammu & Kashmir National Conference,WAHEED UR REHMAN PARA,Jammu & Kashmir Peoples Democratic Party,188416.0,Result Declared,2
SRIPERUMBUDUR,5,T R BAALU,Dravida Munnetra Kazhagam,G PREMKUMAR,All India Anna Dravida Munnetra Kazhagam,487029.0,Result Declared,5
SURGUJA,1,CHINTAMANI MAHARAJ,Bharatiya Janata Party,SHASHI SINGH KORAM,Indian National Congress,64822.0,Result Declared,1
Sabarkantha,5,SHOBHANABEN MAHENDRASINH BARAIYA,Bharatiya Janata Party,CHAUDHARI TUSHAR AMARSINH,Indian National Congress,155682.0,Result Declared,5
Saharanpur,1,IMRAN MASOOD,Indian National Congress,RAGHAV LAKHANPAL,Bharatiya Janata Party,64542.0,Result Declared,1
Salempur,71,RAMASHANKAR RAJBHAR,Samajwadi Party,RAVINDAR KUSHAWAHA,Bharatiya Janata Party,3573.0,Result Declared,71
Samastipur,23,SHAMBHAVI,Lok Janshakti Party(Ram Vilas),SUNNY HAZARI,Indian National Congress,187251.0,Result Declared,23
Sambalpur,3,DHARMENDRA PRADHAN,Bharatiya Janata Party,PRANAB PRAKASH DAS,Biju Janata Dal,119836.0,Result Declared,3
Sambhal,8,ZIA UR REHMAN,Samajwadi Party,PARMESHWAR LAL SAINI,Bharatiya Janata Party,121494.0,Result Declared,8
Sangli,44,VISHAL (DADA) PRAKASHBAPU PATIL,Independent,SANJAY (KAKA) PATIL,Bharatiya Janata Party,100053.0,Result Declared,44
Sangrur,12,GURMEET SINGH MEET HAYER,Aam Aadmi Party,SUKHPAL SINGH KHAIRA,Indian National Congress,172560.0,Result Declared,12
Sant Kabir Nagar,62,LAXMIKANT PAPPU NISHAD,Samajwadi Party,PRAVIN KUMAR NISHAD,Bharatiya Janata Party,92170.0,Result Declared,62
Saran,20,RAJIV PRATAP RUDY,Bharatiya Janata Party,ROHINI ACHARYA,Rashtriya Janata Dal,13661.0,Result Declared,20
Sasaram,34,MANOJ KUMAR,Indian National Congress,SHIVESH KUMAR,Bharatiya Janata Party,19157.0,Result Declared,34
Satara,45,SHRIMANT CHH UDAYANRAJE PRATAPSINHAMAHARAJ BHONSLE,Bharatiya Janata Party,SHASHIKANT JAYVANTRAO SHINDE,Nationalist Congress Party – Sharadchandra Pawar,32771.0,Result Declared,45
Secunderabad,8,G. KISHAN REDDY,Bharatiya Janata Party,DANAM NAGENDER,Indian National Congress,49944.0,Result Declared,8
Shahjahanpur,27,ARUN KUMAR SAGAR,Bharatiya Janata Party,JYOTSNA GOND,Samajwadi Party,55379.0,Result Declared,27
Sheohar,4,LOVELY ANAND,Janata Dal (United),RITU JAISWAL,Rashtriya Janata Dal,29143.0,Result Declared,4
Shillong,1,DR. RICKY ANDREW J. SYNGKON,Voice of the People Party,VINCENT H. PALA,Indian National Congress,371910.0,Result Declared,1
Shimoga,14,B.Y.RAGHAVENDRA,Bharatiya Janata Party,GEETHA SHIVARAJKUMAR,Indian National Congress,243715.0,Result Declared,14
Shirdi,38,BHAUSAHEB RAJARAM WAKCHAURE,Shiv Sena (Uddhav Balasaheb Thackrey),LOKHANDE SADASHIV KISAN,Shiv Sena,50529.0,Result Declared,38
Shirur,36,DR. AMOL RAMSING KOLHE,Nationalist Congress Party – Sharadchandra Pawar,ADHALRAO SHIVAJI DATTATREY,Nationalist Congress Party,140951.0,Result Declared,36
Shrawasti,58,RAM SHIROMANI VERMA,Samajwadi Party,SAKET MISRA,Bharatiya Janata Party,76673.0,Result Declared,58
Sikkim,1,INDRA HANG SUBBA,Sikkim Krantikari Morcha,BHARAT BASNETT,Citizen Action Party-Sikkim,80830.0,Result Declared,1
Silchar,8,PARIMAL SUKLABAIDYA,Bharatiya Janata Party,SURYA KANTA SARKAR,Indian National Congress,264311.0,Result Declared,8
Singhbhum,10,JOBA MAJHI,Jharkhand Mukti Morcha,GEETA KORA,Bharatiya Janata Party,168402.0,Result Declared,10
Sitamarhi,5,DEVESH CHANDRA THAKUR,Janata Dal (United),ARJUN RAY,Rashtriya Janata Dal,51356.0,Result Declared,5
Sitapur,30,RAKESH RATHOR,Indian National Congress,RAJESH VERMA,Bharatiya Janata Party,89641.0,Result Declared,30
Siwan,18,VIJAYLAKSHMI DEVI,Janata Dal (United),HENA SHAHAB,Independent,92857.0,Result Declared,18
Solapur,42,PRANITI SUSHILKUMAR SHINDE,Indian National Congress,RAM VITTHAL SATPUTE,Bharatiya Janata Party,74197.0,Result Declared,42
Sonitpur,11,RANJIT DUTTA,Bharatiya Janata Party,PREMLAL GANJU,Indian National Congress,361408.0,Result Declared,11
South Delhi,7,RAMVIR SINGH BIDHURI,Bharatiya Janata Party,SAHI RAM,Aam Aadmi Party,124333.0,Result Declared,7
South Goa,2,CAPTAIN VIRIATO FERNANDES,Indian National Congress,PALLAVI SHRINIVAS DEMPO,Bharatiya Janata Party,13535.0,Result Declared,2
Srerampur,27,KALYAN BANERJEE,All India Trinamool Congress,KABIR SHANKAR BOSE,Bharatiya Janata Party,174830.0,Result Declared,27
Srikakulam,2,KINJARAPU RAMMOHAN NAIDU,Telugu Desam,TILAK PERADA,Yuvajana Sramika Rythu Congress Party,327901.0,Result Declared,2
Sultanpur,38,RAMBHUAL NISHAD,Samajwadi Party,MANEKA SANJAY GANDHI,Bharatiya Janata Party,43174.0,Result Declared,38
Sundargarh,2,JUAL ORAM,Bharatiya Janata Party,DILIP KUMAR TIRKEY,Biju Janata Dal,138808.0,Result Declared,2
Supaul,8,DILESHWAR KAMAIT,Janata Dal (United),CHANDRAHAS CHAUPAL,Rashtriya Janata Dal,169803.0,Result Declared,8
Surat,24,MUKESHKUMAR CHANDRAKAANT DALAL,Bharatiya Janata Party,Unknown,Unknown,,Uncontested,24
Surendranagar,9,CHANDUBHAI CHHAGANBHAI SHIHORA,Bharatiya Janata Party,RUTVIKBHAI LAVJIBHAI MAKWANA,Indian National Congress,261617.0,Result Declared,9
TENKASI,37,DR RANI SRI KUMAR,Dravida Munnetra Kazhagam,DR K KRISHNASAMY,All India Anna Dravida Munnetra Kazhagam,196199.0,Result Declared,37
THANJAVUR,30,MURASOLI S,Dravida Munnetra Kazhagam,SIVANESAN P,Desiya Murpokku Dravida Kazhagam,319583.0,Result Declared,30
THENI,33,THANGA TAMILSELVAN,Dravida Munnetra Kazhagam,TTV DHINAKARAN,Amma Makkal Munnettra Kazagam,278825.0,Result Declared,33
THOOTHUKKUDI,36,KANIMOZHI KARUNANIDHI,Dravida Munnetra Kazhagam,SIVASAMY VELUMANI R,All India Anna Dravida Munnetra Kazhagam,392738.0,Result Declared,36
TIKAMGARH,6,DR. VIRENDRA KUMAR,Bharatiya Janata Party,KHUMAN URF PANKAJ AHIRWAR,Indian National Congress,403312.0,Result Declared,6
TIRUCHIRAPPALLI,24,DURAI VAIKO,Marumalarchi Dravida Munnetra Kazhagam,KARUPPAIAH. P,All India Anna Dravida Munnetra Kazhagam,313094.0,Result Declared,24
TIRUNELVELI,38,ROBERT BRUCE C,Indian National Congress,NAINAR NAGENTHRAN,Bharatiya Janata Party,165620.0,Result Declared,38
TIRUPPUR,18,"SUBBARAYAN, K.",Communist Party of India,"ARUNACHALAM, P.",All India Anna Dravida Munnetra Kazhagam,125928.0,Result Declared,18
TIRUVALLUR,1,Sasikanth Senthil,Indian National Congress,"Balaganapathy, V. Pon",Bharatiya Janata Party,572155.0,Result Declared,1
TIRUVANNAMALAI,11,"ANNADURAI, C.N.",Dravida Munnetra Kazhagam,KALIYAPERUMAL M,All India Anna Dravida Munnetra Kazhagam,233931.0,Result Declared,11
TONK-SAWAI MADHOPUR,12,HARISH CHANDRA MEENA,Indian National Congress,SUKHBIR SINGH JAUNAPURIA,Bharatiya Janata Party,64949.0,Result Declared,12
Tamluk,30,ABHIJIT GANGOPADHYAY,Bharatiya Janata Party,DEBANGSHU BHATTACHARYA,All India Trinamool Congress,77733.0,Result Declared,30
Tehri Garhwal,1,MALA RAJYA LAKSHMI SHAH,Bharatiya Janata Party,JOT SINGH GUNSOLA,Indian National Congress,272493.0,Result Declared,1
Thane,25,NARESH GANPAT MHASKE,Shiv Sena,RAJAN BABURAO VICHARE,Shiv Sena (Uddhav Balasaheb Thackrey),217011.0,Result Declared,25
Thirupathi(SC),23,GURUMOORTHY MADDILA,Yuvajana Sramika Rythu Congress Party,VARA PRASAD RAO VELAGAPALLI,Bharatiya Janata Party,14569.0,Result Declared,23
Thiruvananthapuram,20,SHASHI THAROOR,Indian National Congress,RAJEEV CHANDRASEKHAR,Bharatiya Janata Party,16077.0,Result Declared,20
Thrissur,10,SURESH GOPI,Bharatiya Janata Party,ADV V S SUNILKUMAR,Communist Party of India,74686.0,Result Declared,10
Tripura East,2,KRITI DEVI DEBBARMAN,Bharatiya Janata Party,RAJENDRA REANG,Communist Party of India (Marxist),486819.0,Result Declared,2
Tripura West,1,BIPLAB KUMAR DEB,Bharatiya Janata Party,ASISH KUMAR SAHA,Indian National Congress,611578.0,Result Declared,1
Tumkur,19,V. SOMANNA,Bharatiya Janata Party,S.P. MUDDAHANUMEGOWDA,Indian National Congress,175594.0,Result Declared,19
Tura,2,SALENG A SANGMA,Indian National Congress,AGATHA K SANGMA,National People's Party,155241.0,Result Declared,2
UDAIPUR,19,MANNA LAL RAWAT,Bharatiya Janata Party,TARACHAND MEENA,Indian National Congress,261608.0,Result Declared,19
UDHAMPUR,4,DR JITENDRA SINGH,Bharatiya Janata Party,CH LAL SINGH,Indian National Congress,124373.0,Result Declared,4
UJJAIN,22,ANIL FIROJIYA,Bharatiya Janata Party,MAHESH PARMAR,Indian National Congress,375860.0,Result Declared,22
Udupi Chikmagalur,15,KOTA SRINIVAS POOJARY,Bharatiya Janata Party,K. JAYAPRAKASH HEGDE,Indian National Congress,259175.0,Result Declared,15
Ujiarpur,22,NITYANAND RAI,Bharatiya Janata Party,ALOK KUMAR MEHTA,Rashtriya Janata Dal,60102.0,Result Declared,22
Uluberia,26,SAJDA AHMED,All India Trinamool Congress,ARUNUDAY PAULCHOWDHURY,Bharatiya Janata Party,218673.0,Result Declared,26
Unnao,33,SWAMI SACHCHIDANAND HARI SAKSHI,Bharatiya Janata Party,ANNU TANDON,Samajwadi Party,35818.0,Result Declared,33
Uttara Kannada,12,VISHWESHWAR HEGDE KAGERI,Bharatiya Janata Party,DR. ANJALI NIMBALKAR,Indian National Congress,337428.0,Result Declared,12
VELLORE,8,DM KATHIR ANAND,Dravida Munnetra Kazhagam,AC SHANMUGAM,Bharatiya Janata Party,215702.0,Result Declared,8
VIDISHA,18,SHIVRAJ SINGH CHOUHAN,Bharatiya Janata Party,PRATAPBHANU SHARMA,Indian National Congress,821408.0,Result Declared,18
VILUPPURAM,13,RAVIKUMAR. D,Viduthalai Chiruthaigal Katch,BHAGYARAJ. J,All India Anna Dravida Munnetra Kazhagam,70703.0,Result Declared,13
VIRUDHUNAGAR,34,MANICKAM TAGORE B,Indian National Congress,VIJAYAPRABHAKARAN V,Desiya Murpokku Dravida Kazhagam,4379.0,Result Declared,34
Vadakara,3,SHAFI PARAMBIL,Indian National Congress,K K SHAILAJA TEACHER,Communist Party of India (Marxist),114506.0,Result Declared,3
Vadodara,20,DR. HEMANG JOSHI,Bharatiya Janata Party,PADHIYAR JASHPALSINH MAHENDRASINH (BAPU),Indian National Congress,582126.0,Result Declared,20
Vaishali,16,VEENA DEVI,Lok Janshakti Party(Ram Vilas),VIJAY KUMAR SHUKLA,Rashtriya Janata Dal,89634.0,Result Declared,16
Valmiki Nagar,1,SUNIL KUMAR,Janata Dal (United),DEEPAK YADAV,Rashtriya Janata Dal,98675.0,Result Declared,1
Valsad,26,DHAVAL LAXMANBHAI PATEL,Bharatiya Janata Party,ANANTKUMAR HASMUKHBHAI PATEL,Indian National Congress,210704.0,Result Declared,26
Varanasi,77,NARENDRA MODI,Bharatiya Janata Party,AJAY RAI,Indian National Congress,152513.0,Result Declared,77
Vijayawada,12,KESINENI SIVANATH (CHINNI),Telugu Desam,KESINENI SRINIVAS (NANI),Yuvajana Sramika Rythu Congress Party,282085.0,Result Declared,12
Visakhapatnam,4,SRIBHARAT MATHUKUMILI,Telugu Desam,JHANSI LAKSHMI. BOTCHA.,Yuvajana Sramika Rythu Congress Party,504247.0,Result Declared,4
Vizianagaram,3,APPALANAIDU KALISETTI,Telugu Desam,BELLANA CHANDRASEKHAR,Yuvajana Sramika Rythu Congress Party,249351.0,Result Declared,3
Warangal,15,KADIYAM KAVYA,Indian National Congress,AROORI RAMESH,Bharatiya Janata Party,220339.0,Result Declared,15
Wardha,8,AMAR SHARADRAO KALE,Nationalist Congress Party – Sharadchandra Pawar,RAMDAS CHANDRABHAN TADAS,Bharatiya Janata Party,81648.0,Result Declared,8
Wayanad,4,RAHUL GANDHI,Indian National Congress,ANNIE RAJA,Communist Party of India,364422.0,Result Declared,4
West Delhi,6,KAMALJEET SEHRAWAT,Bharatiya Janata Party,MAHABAL MISHRA,Aam Aadmi Party,199013.0,Result Declared,6
Yavatmal- Washim,14,SANJAY UTTAMRAO DESHMUKH,Shiv Sena (Uddhav Balasaheb Thackrey),RAJSHRITAI HEMANT PATIL (MAHALLE),Shiv Sena,94473.0,Result Declared,14
Zahirabad,5,SURESH KUMAR SHETKAR,Indian National Congress,B. B. PATIL,Bharatiya Janata Party,46188.0,Result Declared,5
